유저, 챗봇
"ㅎㅎㅎㅎ헷 냐씻고올게헝~~","네~ ㅎㅎ 씻고오세요~~~"
"씻고왔다!!ㅎㅎ","어디 목욕탕 갔다온거 아니지>??? ㅋㅋ"
"ㅋㅋㅋㅋ오래걸렸지ㅎㅎ","어 ㅎㅎㅎㅎ 너무 오래 걸렸어 ㅎㅎㅎㅎ"
"ㅎㅎ안자구있었네!! 팩두하고왔지요","아 나도 팩 해야 되는데 금요일날 좀 중요한 약속있어서...."
"ㅎㅎㅎㅎ그냥와도갠츄나요~~","나 궁금한거 있어 세정"
"먼데~~?","인턴 일 남았잖앟 그런데 끝나면 뭐해????"
"웅ㅎㅎㅎ이제좀쉬고있다 혈당 ","아 ~혈당 피뽑고 당재는거~~"
"응ㅎㅎ쉅중이야?","수업끝!!~~"
"부럽다ㅠㅠㅠㅠ 올래요섯시쯤끝나지아너?ㅎㅎ","오늘은 세시 ㅎㅎㅎ~~"
"오늘도팀프로젝트?ㅎㅎㅎ","오늘은 노노~~ 안함 ㅎㅎ"
"그럼뭐해~~","학교에서 좀 쉬다가 집가려고 ㅎㅎ"
"밖에날씨진짜추워!!!!","그렇지그렇지 나오늘 깝놀햤잖아 ㅎㅎ"
"진짜?? 사람이 먹을수 있는 음식이지??~~","당근!!!먹자ㅎㅎㅎㅎ"
"그래그래~~ 한번 먹어볼래~","먹고뱉지마ㅠㅠㅎㅎ"
"피맛 나?? 궁금하다 ㅎㅎ","ㅎㅎㅎㅎ웅피터지는맛"
"피 터지는 맛이야???!??!?!?","웅~~~~기대대지ㅎㅎㅎ!!"
"우웅 기대되~ 나 잘먹는 여자가 내 이상형이야 ㅎㅎ","ㅋㅋㅋㅋ진짜루?ㅎㅎ"
"ㅋㅋㅋㅋ그러코만나노래방왔다ㅠㅠ","노래방 진짜 좋아한다~~ 노래잘해???~~"
"나도ㅎㅎ지각했는데미끄러워서뛰지두못하고.. 꽁꽁얼었어!!","어이구 그랬쩌요?? ~~ㅎㅎㅎ 난 밥먹고왔어~"
"ㅋㅋㅋㅋ뭐먹어쪼~~","나는 볶음밥~ 너두 밥 빨리먹어ㅎㅎ"
"맨날맛있는건만먹어ㅎㅎㅎㅎ 나도먹고왔지요ㅠㅠ" "밥을먹고왔는데 왜 울어 ㅎㅎㅎ 오늘도 맛없었어???~ㅎㅎ"
"웅ㅠㅠ어제보다오늘이더...","ㅎㅎ 조금만기다려~ 금욜날 맛있는거먹자~~"
"나 쉬는시간~~~","나도지금쉬고있다ㅋㅋ"
"너무 아쉬워 하지마~~ ㅎㅎ 또 있잖옹~","정 많이 들었나보네~~"
"과제 조금 있어서 하구있어~","꼼꼼이네~ㅎㅎ"
"항상 중간 까지는 꼼꼼인데 기말때 약간 깜깜이로 바뀔때 있어 ㅋㅋ","ㅋㅋㅋㅋ깜빡깜빡해?ㅎㅎ 오늘이어제보다더추운것같아"
"맞아..ㅠㅠ 이제 진짜로 완전 겨울인것 같아","그치ㅠㅠ나오늘완전꽁꽁싸매고왔어"
"잘했어 ㅎㅎ꽁꽁 싸매야돼 요즘","마저ㅎㅎ멋부리다얼어죽어ㅠㅠ"
"너 혹시 파스타 이런것도 좋아해??","웅!!!파스타맛있지ㅎㅎ"
"알겠어~ 금요일날 언제 만날까??~","네시끝나지??"
"ㅎㅎ 거의 이제 집에서 조금만 하면 될것같아","응응~거의 다끝났어~"
"수고했네~~집가서마저하면되그따ㅠㅠ","ㅎㅎ 금방끝낼수있을것같아~ 그런데 밖에 장난 아니다.... 너무추운데?"
"그치!!!!진짜얼것같아ㅠㅠ 집이최공","집에 빨리 튀어가야겠다 금천규청 지났어 ㅎ"
"우리동네당!!!","ㅎㅎ 귀엽네"
"ㅎㅎㅎ어디셔오늘길이야??","학교~"
"학교서과제하다 이제오는거야? 난카페나친구집인줄알았드~","아~~학교 실험때문에 ㅎ"
"겐차노앙 ~잘했어~~ 계속 일했어니까 자두되~~","ㅎㅎㅎ이제청소해야겠다!! 쉬는시간이네?"
"일어났어??~","웅~~복짜면시켰어ㅎㅎ"
"아침부터 복짜네?~ 맛있겠다 ㅎ","웅ㅎㅎ인나자마자고민했어ㅎㅎ"
"아 ㅎ 나 그거알아 일어나자마자 뭐 시켜먹지?? 할때 있어","그치!!!밥하기엔귀찮쿠ㅠㅠ"
"나도 이따 짜장먹으야지~~","짜장면?ㅎㅎ"
"점심 뭐먹을까 했는데 신의 한수였어","ㅎㅎㅎㅎ근데점심학교에서먹지아낭?"
"밖에서머거?","밖에 짜장 싸고맛있는데있어 ㅎㅎ"
"오진짱?ㅎㅎ얼만댕","이천언~"
"나이가많아서 그런가부다 ㅠㅠ 아픈가봐","헉ㅠㅠ내가순돌이추울까봐 난로랑보일러랑이불자리두까러조땅!!"
"ㅎㅎ 잘했어~~ 착하네~","규칭ㅋㅋㅋㅋ <NAME> 자꼬울어ㅠㅠ"
"몸 안좋아??","적응안되나봐ㅠㅠ이제잔다ㅎㅎ"
"ㅎㅎ다행이다~~ 나 넘 바빠 ㅠㅠ","ㅠㅠ고생많이하겠네 쪼곰만더힘내~~~~"
"고마워~~ 일끝!!!!^^"," 츄컁츄컁"
"오늘 뭐하고 놀았어?~","오늘순돌이마껴노쿠가산가따강순돌이데리고방콕햇처ㅎㅎ"
"일주일동안 싱나게 놀겠네~~~","보살펴조야지~~"
"갑자기 이상하겠다 ㅋ 맨날 주인이 나갔는데 갑자기 잘해주니까 ㅎㅎ","ㅎㅎㅎㅎ순돌이항상잘해주지!!!!치즈두주구재워주구안아주구목욕해주구!!"
"<NAME> 좋겠네 ㅎㅎㅎ~","개팔자가상팔자야ㅠㅠ" 
"무슨일이 있었을까? ㅠㅠ 많이 취한것같은데?ㅠㅠ","아니야 친구머실수했다해가꾸ㅠㅠ"
"집이랑 가까워??","웅이제두장거장ㅎㅎ"
"다행이다 춥진않지? ㅠㅠ","ㅎㅎ웅갠차냥 완전무장하구나왔어~~"
"잘했어~~~ 그래도 추우니까 집에 빨리들어가~~","웅~~집이야ㅎㅎ"
"일찍왔네~~~ 잘했어요~~","ㅎㅎ이것만먹고가자했어"
"웅ㅎㅎ 나씻고올게요~","네~~"
"ㅎㅎ많이잤네~냐두인났어!","좀있음 보내~~~"
"응응~~~~잉나ㅎㅎ","이제 씻어야지ㅎㅎ"
"ㅎㅎ냐두씻고나왔어~~","나도나도~~"
"나설겆이하고올게ㅎㅎ","설겆이했어???~"
"웅ㅎㅎ아까마쳤지용!","세정아 오늘 몇시까지 놀수있어??"
"지금바따 열두시안?","ㅋㅋㅋㅋ에이~~ㅎㅎ부끄럽게!!"
"진짜 미안해 ㅠㅠ 금방 갔다 올게 ~~","괜찮아유  다섯시반까지와여~~네시쯤준비하고있을게ㅎㅎ"
"밖에츄엉??","오늘 바람이 안불어서 따뜻행 ㅎ"
"응응~~~ 과자먹고있어 ㅎㅎㅎ","ㅎㅎㅅㅅ맛있겠다!!!"
"나 여기서 다섯시에 출발할게~ 그럼 나 어디로 가면 되는거야?","시흥사거리ㅎㅎ"
"아까 나올때도 따뜻했지?~ 나 거짓말안했어 ㅎㅎㅎ"," 나름따뜻했어ㅎㅎ"
"나도 알바 함 찾아볼까?~ 금구쪽~","없어   "
"아 없어??? ㅎ 나도 집가는동안 봐야지~","웅ㅎㅎ없어 손시려워~~안돼ㅎㅎ"
"그런데 시흥쪽 거의 술집 아니면 카페네 ㅎ 시급도 좀 낮당 ㅠㅠ","ㅋㅋㅋㅋ그치괜찮은데없지ㅋㅋㅋㅠㅠ"
"아니야 있을거야ㅎㅎㅎ 알바몬 알바천국 귀족알바 찾고있어~~~~","손시러워ㅠㅠㅠㅠ주머니에넣고있어"
"전철이여서 괜찮옹~~","ㅎㅎ냐두이제은지만나러가고있다! 비와.."
"아니야~~나착하니깡웬만한건다이해..해ㅎㅎ!!","아.... ㅋㅋㅋ 오케이 오케이 ㅋ"
"ㅋㅋㅋㅋ장냔이야","당연히 알지알지~~~ 우리 착한거~~"
"ㅋㅋㅋㅋ거짓말치네~~^^ㅎㅎ","아니얌 ㅎㅎㅎ"
"ㅋㅋㅋㅋ밥다먹었고??","밥 다먹었어 ㅎㅎㅎ 이제 막판 스퍼트 간다 ㅎㅎ"
"난오뎅먹는다~~","오 맛있겠다 집에서????"
"ㅋㅋㅋㅋ밖에서도먹고집에서도먹고","ㅋㅋㅋ 잘먹어서 좋단말이야"
"ㅋㅋㅋㅋ먹고나니까잠와 어떡해","웅.. 올래먹으면졸리지??"
"공부하고있어?","ㅎㅎ웅 하고있어~ 20 분남았어"
"아하ㅎㅎ마셔마셔~~ 맛있는거도많이먹고!!","ㅎㅎㅎㅎ 웃겨"
"마자술은풀잔이면못써ㅠㅠ 술은얼만큼먹어야돼??","소주 한병이면 될것같아 ㅎㅎ"
"ㅋㅋㅋㅋ간단하긴하지!!","ㅎㅎㅎ 간단하지~~~^^"
"씻고올게","응응~~~~"
"다 씼었다!!","깨끗이 씻었어???~"
"나 맥주 7 에 소주 한병 먹었어","참잘했어요 "
"아~~ㅋㅋ 잘한거야??~","맥주는못했어!!"
"맥주많이마셨자내ㅠㅠ","에이 그냥 음료수징 ㅎㅎㅎ"
"ㅎㅎㅎㅎ너무많이많이먹지마ㅠㅠ","ㅎㅎ 응응 걱정해주니까 좋다~~~^^"
"ㅎㅎㅎㅎ맛있는건많이먹었고??","응응~~~내일 세정이랑 먹어야돼서 ㅎㅎ 조금먹었어~~"
"응응 금열날 학교가~~^^","아진짱?ㅋㅋㅋㅋ언제끝냥"
"한 2 심 끝날것같아 ㅎㅎ","싯어야겠다ㅋㅋㅋㅋ오늘학교가는지몰랐엉"
"그렇구만ㅋㅋㅋ점심먹었어?","응응~~~ 아점~~"
"잘했어ㅎㅎ씻고나왔다","ㅎㅎㅎ 밥먹었어?"
"웅ㅎㅎ어디서볼까","어서볼까??~"
"음...~ 오늘은 뭐먹지? ㅎㅎ","암거나ㅎㅎ낼일가지?"
"낼 일가 ㅎㅎ 열한시반까지~~","ㅎㅎ어디서볼래그럼 오늘츼엉?"
"ㅎㅎ냐씻고나왔어!! 마무리잘했어~~~?ㅎㅎ","ㅎㅎ 응응~~ 이제 시험공부해야뎀 ㅠㅠ"
"ㅠㅠ내일부터시험기간인강??","응응 ㅠㅠ"
"우리둘다힘내장.!!!! 셤언제끝나ㅎㅎ","아마 다음줄까지?~"
"예민하겠다ㅠㅠ","아니야 ㅎㅎ 예민안해 나~~ 잠깐만 재워주면 되 나는 ㅎㅎ"
"ㅎㅎㅎㅎ잠못자면예민하지ㅠㅠ 나긴장대..내일. ","자신있게해~~ 잘할수 있어 ㅎㅎㅎ 화이팅~~^^"
"ㅎㅎ 나 씻고나올게~~","오웅~~~"
"씻고왔지렁~~","왜케늦게왔어ㅠㅠ"
"ㅋㅋㅋㅋㅋㅋ 체육짱어려워!!","체육어디까지함.?"
"안했어","그러고내일 0 점맞음죽어^^^^"
"으응","공부안할거면 저게임 ㄱㄱ개재미음"
"나 이거 짱잘함 마자마자","몽잘함?? 게임??"
"아니ㅋㅋㅋ김해가려고 잘데가없어서 놀자ㅋㅋㅋㅋ","노까 ㅋㅋㅋㅋ 나 놀라면 정장갈아입으야됨 헣"
"ㅋㅋㅋㅋ나 메가박스 영화티켓있는데 김해에 메가박스가없다...","우어 메가박스가 어디있지"
"메가박스 덕천에있던데 잴가까운게ㅋㅋㅋㅋ 나지금 통학탔다","ㅋㅋㅋㅋ아하 집들리면 시간없울둣"
"ㅋㅋㅋㅋ내일은어떤데","낼..낼도뭐괜찮지ㅋㅋㅋㅋ덕천가게?"
"음 몰랴 ㅋㅋㅋㅋ 그냥 냉정와라 애들델꼬 술먹자","음....내일 술먹기로했나"
"아니 그건 아니지만 사실 나도 내일 어째 될지 모르겠다 ㅠㅠ","음! 내일 보고 니 약속없으면 영화보자"
"응! 영화안본지 디따 오래됐다 ㅋㅋㅋㅋ","언제보러갈까!"
"니언제되는데!","난 언제나된다ㅋㅋㅋㅋ아마도"
"ㅋㅋㅋㅋ언제나 되나 니 일찍마치는날 언제얌","나 금요일! 나내일서울안가려고ㅋㅋㅋㅋ버스만요덟시간 못타겠다"
"허난 금요일이 제일 늦음 ㅠㅠ 여덟시 ㅠㅠ"," 그쿠나 주말에보자 ㅋㅋㅋ"
"그래거래 이번주?","이번주가자ㅋㅋㅋㅋ보고싶다"
"구려고랴 토요일 기기기기기!!","그래그래 ㅎㅎㅎ 덕천주위에뭐 볼거있나ㅋㅋㅋ"
"덕천에서..안놀아봤다 ㅋㅋㅋㅋ처음놀아봄!","아진짜? 뭐있는지찾아봐야겠다"
"밤샜냥","네시쯤집왔어ㅋㅋㅋㅋ ㅎㅎ잘잤나"
"매우 잘잔것같다 닌 안피곤허냥","괜찮아ㅋㅋㅋㅋ일나자마 엄마가 삼겹살구워주신다ㅎㅎㅎ~~"
"와우 삼겹살. ㅠㅠㅠㅠ","ㅎㅎㅎ밥먹었나"
"밥먹는중~~","뭐먹너~"
"네시까지는 거기로 갈까?","그러자ㅎㅎ그까지얼마나걸려??"
"핳ㅋㅋㅋ어디서먹어","어빙동에스!"
"그래오늘도 많이취할것같디.... ","응...내생각도.... "
"하하하 데리러갈게오늘은 ","하하하 취한모습보여주기.부끄릅다"
"괜찮다!!ㅋㅋㅋㅋ어제기억나?","아니아니 기억부분부분난다 ㅋㅋㅋ"
"ㅋㅋㅋㅋ오늘은 정신꽉잡고있어리 ! 진짜데리러갈게","알았다ㅎ 언제오게 내집갈때오게?"
"응ㅎㅎ아빠차 훔쳐서갈게ㅋㅋㅋㅋ","모르겠어!ㅋㅋㅋㅋ 낮은확률로 못갈수도있지.ㅎ....언제먹어???"
"ㅋㅋㅋㅋ그래그래당연하지! 나도내일잘하면 어방에서먹을수도있지!","오!? 진짜???"
"응응ㅋㅋㅋㅋ저번부터 인재대다니는친구가 술집좋은곳많다면서막 자꾸가자고했거든","오~그렇군 어방에서 먹었우면 좋겠네"
"ㅎㅎㅎ그러게ㅎㅎ어방가자고 계속해야겠다 나이제 치킨집들어왔어~~","오호 잼께 놀아~~~"
"니랑놀고싶은데~~ 뭐하고있어","나 응답하라 보는중~~~"
"아진짜???이제 <NUM> 화인가 재밌어????","나지금 <NUM> 화보는중 잼땅"
"아하ㅎㅎㅎ나도봐야지~~ 너는예뻣다는 다봤어??","응응 좋게끝나도만!!"
"오늘 집에 왜케늦게와~??","나 학원~~실습하런 간단 ㅠㅠ"
"아하...지내동에서기달리고있을게ㅎㅎㅎ","뭐하면서 기다리게!"
"친구랑 피시하면서~~짜장면도먹고~~기다릴게ㅎㅎㅎ","구랴규랴 난이제 냉정우로 ㅠㅠ"
"ㅎㅎㅎ빨리보고싶어~경전철막차타고오는거야???","아니아니~ 아홉시 반에 마칠껑??"
"오~~좋다좋다ㅎㅎ최대한빨리와ㅎㅎㅎ","알았졍~~ 피씨방에 있어리"
"그래그래ㅎㅎㅎ나이제허리도 완전괜찮아짐!ㅎㅎㅎ ","ㅋㅋㅋㅋ진짜궁금해 콩깍지를준비할게요"
"아..콩깍지안벗겨지게 접착제 가져갈게^^♥","ㅋㅋㅋㅋ필수야 빨리와요"
"ㅋㅋ넵 나학교왔어 근데 교수없이 우리끼리 자발적인모임이라 수다떨기바쁨ㅋㅋ","ㅋㅋㅋ오빠수다왕이잖아 신났겠네!!"
"ㅋㅋ웅 근데지금 졸작얘기라서 입다물고있음..","즘깨어주세요"
"몇시에?","일어나세요옴"
"한시간동안샤워하고싶다..","씻고왔어?"
"네 학교가기싫다 ㅠㅠ","이번주만참자 ㅋㅋ오늘날씨진짜좋아"
"넵 몇시에들어갈거예요?","네시쯤 ?!"
"프로필사진머냐 설마지금 만든거야?","왜요이사람아"
"지금만든거야?","아니요!! 저거그냥사진인에요"
"씻었어","오늘학교늦게가요???"
"아니..어제술좀많이먹어서 못일어났어","아..그렇게많이먹었어요? 어떡해요학교도못가고"
"괜찮아 지금부터잘하면대","응 화이팅 오늘은그럼 집에서쉬게요??"
"학교갔다가 집에와야지","아나학교아예안가는줄알았어 알았어요 지금가??"
"응 옷입고있어요","잘하고있어요 진짜좋다ㅎㅎ"
"나왔어요 춥다오늘 옷따뜻하게입어","네 오늘여기날씨진짜좋은데 오늘봄처녀야ㅋㅋ"
"여기는 가을입니다 추운게싫다..","에이씨 ㅠㅠ"
"머 왜 방해안할테니 어서가서 노세요","어제 내가 연락하기로 해놓고 못해서 미안해 <NAME> 씨 ㅠㅠ"
"그래 놀러갔는데 어떡해ㅋㅋ 일박이일이야 이박삼일이야? ?","하루야 아침에 집와서 충전하고 연락한거야!"
"그랬구나ㄱㄱㄱㄱ술많이마셨어? 속은괜찮인? 괜찮아?","얼마안마셨어 괜찮아 근데 얼굴이 손보다 작네"
"아냐ㅋㅋㅋ안그래","왜이렇게얼굴작은거야? 점심먹었어???"
"아니라고ㅋㅋㅋㅋ 아니아직ㅠㅠ"
"왜아직도안먹었어! 거기서밥먹을시간도안줘?","주는데늦어ㅠㅠ사과 <NUM> 조각먹었다ㅋㅋ 밥먹었어? ?"
"엄청배고프겠다그럼언제먹어? 나는먹었지!","시끄러워 운동해"
"에잉~~~~ ","운동하고오세요^^"
"운동끝~~~~","수고했어~~~"
"집도착!!완전빨리왔지?","응 잘했네ㅋㅋ얼른씻어"
"씻고오겠삼!","응응"
"나손톱자르려고 난소중하니까^^","길었구나ㅋㅋ난 손톱긴거 싫어해서 항상 잘라ㅋㅋ"
"나도싫어해! 요새신경을안썼더니 조금자랐는데 내일 너만나니까 정리좀했지","굿굿 오늘도 늦게 자려고? ?"
"이건오빠얘기가 아닌데..","나맞아"
"내가 전부야 나가죽을까 생각안했잖아","그랬거든?"
"아라써 믿을게","근데울음은뭐냐"
"속상해서ㅎㅎㅎ","왜속상해?"
"그냥 좋아서 ","ㅋㅋ바보"
"뭐야 부끄럽게 ㅋㅋㅋㅋ","부끄럼안타자나ㅋ"
"ㅋㅋㅋ그건차츰 확인해보면되고..","ㅋㅋㅋㅋ 그래요..."
"오빠 나지금고속터미널왔어 바뿡가봉가? 나아홉시반차탔어~ 열시반도착예정ㅎㅎ","일찍오내!! 나열한시이십분쯤?끝나 오고있겠네 ㅎㅎ"
"어디쯤야","몰라나도..집가서잘래"
"ㅠㅠ 끝나늗데로전화할게애기","킁.. 도착했더"
"애기집으로갈게","옹야"
"애기배고파?","아니!오빠배고파아~?"
"ㅋㅋㅋㅋ물장구 인천 놀러가야겠네","물장구 치러 놀러온다는거예요? ㅋㅋ"
"그럼 진짜 물장구치러 가야겠다","어디서 또 홀딱 벗고 물장구 치려고요"
"ㅋㅋㅋ구월동 할리스커피에서","어머 구경가야겠다 "
"ㅋㅋㅋ너도 와 같이할래?","넵ㅋㅋ어푸어푸 파닥거려야겠다 ㅋㅋ 퐁당퐁당"
"ㅋㅋㅋ 바보야?"," 바보라니.."
"ㅎㅎ뭐해 지금은","그냥 집에 있어요ㅋㅋ 뭐해요?"
"ㅎㅎ나도 잉여짓하고있어","밖에 비와서 안나갔어요? 비와서 시원해요"
"ㅎㅎ웅 완전 시원해 밖이야 나 너도 밖이야?","아뇨 나는 집이에요ㅋㅋㅋㅋ 언제 나갔대요"
"아까 나왔지 ㅎㅎ 잉여야 ?","난 항상 잉여에요ㅋㅋㅋ 끄윽"
"ㅋㅋㅋ놀아줘야겠네","말로만? ㅋㅋㅋㅋ"
"ㅋㅋ진짜로","진짜로? ㅋㅋㅋ"
"ㅋㅋㅋㅋ 야구는 이겼어??","어 이겼는데 출전은안했지 옷을안가지고가서"
"근데 ㅋㅋㅋ야구 어디팬이야?","나는삼성이지. 걱정안해도잘해 곧너도듣겠구나."
"나 이제일어났어ㅎㅎㅎㅎ 훨 괜찮아졌어!^^","ㅠㅠ....아프면쉬어도돼..ㅠㅠ"
" 괜차낭ㅋㅋㅋㅋ나 이미 준비중이야 어제 바로 잤어??","응 ㅠㅠ.. ㅠㅠ..어디쯤이야?"
" 방금출발했어ㅋㅋㅋㅋ얼른갈게 ","천천히와! ㅠㅠ 언제쯤도착할것같아?? 맞춰나갈게ㅠㅠ"
"오늘 날씨 대박이야 ㅠㅠ더워ㅋㅋㅋㅋ","ㅠㅠ그치;;비도안올것같아;;"
" 안아줘 배도 쓰담쓰담","ㅋㅋㅋ웅♥♥ㅠㅠ 나오늘고딩이네;;"
"좀따출발하시겠다","응이제슬슬나가야지 목도리할까..말까.."
"안하면내가해주고 하면하는거고똑같아~ ㅋㅋㅋㅋ","ㅋㅋㅋㅋ 하고간다"
"옙ㅋㅋㅋㅋ 어디쯤이신지","잤어ㅋㅋㅋㅋ 지금아직일산"
"나이제출발해","옹ㅋㅋ"
"어디쯤이야??","거의다와간다 어디야"
"쨌다 ㅋㅋㅋㅋ","쨋어?ㅋㅋㅋㅋ 어딘데ㅋㅋㅋㅋ뭐하게"
"동방","뭐하게ㅋㅋㅋㅋ"
"수업들어갔어?","아니안가게ㅋㅋㅋㅋ근데그러고누워있으니까또괜찮은것같네"
"그래 푹쉬어라","누워있으니까 낫는다ㅋㅋㅋㅋ어제친해진편입생친구랑 밥먹으러나갈까 고민중이야"
"ㅋㅋㅋㅋ 밖은추워","그니깐 ㅋㅋㅠㅠ.. 갑자기 완죤 추워짐!!"
"더궁금하다ㅋㅋㅋ 맛있는거 먹었어??","넹 엄마가 친구들까지 소갈비 사줬어여ㅋㅋㅋㅋ"
"소갈비ㄷㄷㅋㅋㅋㅋ맛있겄다...ㅠㅠ","ㅋㅋㅋㅋ엄~~청 맛있었어요 배터질것같다.."
"나도 저녁에 맛난거 먹어야지~ㅋㅋㅋㅋ","맛난거 어떤거요?ㅋㅋㅋㅋ"
"전집 가려고...ㅋㅋ소갈비한테 쨉도안된다ㅋㅋㅋㅋ","ㅋㅋㅋㅋ전에 막걸리한잔 하실려고요?"
"많이 아쉬워 보인다ㅋㅋㅋ 난 머리 자르러 왔다ㅎ","ㅋㅋㅋㅋ오빠 서점 간다고 그러지 않았어요....?!"
"그냥 일러스트 책 몇개 보고옴ㅋㅋ너무비싸...","ㅋㅋㅋㅋ그렇구나.... 막걸리는 어디서 드세요??"
"나 동네에서 먹게ㅋㅋㅋㅋ 넌 놀아?","네 그럴것같아요!"
"잼께 놀아~~ㅎㅎ","네 오빠는 과음하지마세요ㅋㅋㅋㅋ 하실듯하지만.."
"ㅋㅋㅋㅋ그때 걔네들처럼 놀고 있겠구만ㅋㅋ","아니에요ㅋㅋㅋㅋ소소하게 여자애들끼리 있어요"
"ㅋㅋㅋㅋ소소하대 으 막걸리 배부르다ㅋㅋ","ㅋㅋㅋㅋ동네에 막걸리집 어디요? 괜찮아요?"
"사거리쪽에 전집갔어ㅋㅋㅋ지금은 맥주마시는중ㅎ","혹시 아 옛날이여..? 는 아니죠?.."
"거긴 약간 나이있으신분들 많이오는데ㅋㅋㅋㅋ 너 담주 쉬는날 언제야??","저 금요일이요..ㅎ.ㅎ.."
"금요일날 시간 괜찮아?","네~~~"
"그래?ㅋㅋㅋ그때 보자~ ","넹~~ 영화볼거예요..?"
"보고싶은거있어??","음음 지금 하는 것중엔 모르겠어요ㅠㅠ 없는것같아요"
"나도 하고싶다 그알바ㅋㅋㅋㅋ평소엔 돌아가면서 하는거야??","아니요 평소엔 직원 들어가는데 오늘 걔가 쉬어서요! ㅎㅎㅎㅎ운이 좋았어요"
"난 배고파서 죽을것같아","식사시간 언젠데용??"
"그럼 밥은 언제 먹나요.?","수업끝나고 집에가서ㅋㅋㅋ"
"오늘 아침 못 먹었어 ㅠㅠ","헐. 오빠 진짜 배고프시겠어요ㅋㅋㅋㅋ 저도 배고픈데ㅠㅠ"
"뱃속에서 밥달라고 꼬르륵꼬르륵....ㅋ 너는 곧 점심 먹겠네~ㅋㅋ","네...ㅋㅋㅋㅋ솔직히 너무 놀다 밥먹으러 가서 완전 죄송해요.."
"하룬데 뭘ㅋㅋㅋㅋ 난너무 배고파서 길거리 오뎅사먹었다ㅋㄱㄱㅋ ㅋ","ㅋㅋㅋㅋ쉬는시간에요???"
"아 지금 일하고있야?","웅"
"ㅋㅋㅋㅋ뜨아 나는 누워있어"
"우와아아 허리야~~","나도허리아파"
"쉬어가면서 해 ㅋㅋㅋㅋ","ㅠㅠ 뭐하니"
"아냐아냐 밥 먹고 와","응.. 밥먹고 올게 다먹었어!!"
"나도 먹고 왔어 ","난 이제 공부해야지 배부르다.."
"ㅋㅋㅋㅋ뭐먹었어??","매콤 등갈비 밥"
"저번에 먹었던거네","결국엔 맨날 같은걸 먹기 마련이지 ㅋㅋㅋㅋ"
"공부하고있어?","아니요... "
"알아서 잘하겠지...","공부하기 싫다.."
"배고프다","ㅋㅋ 나는 스테이크 먹었지용 ㅋㅋㅋ"
"아직 안 나왔어?","이제 도착했어"
"뭐 먹으러 갔졍","스테이크~"
"왜이렇게 늦게나오 지","헐 아직도???"
"저녁 드삼!","응 이제 무야지"
"맛있게 먹어!","이제무따 야구본다"
"이기고 있어?","응ㅋㅋ 이기네"
"오 멋지네ㅋㅋ","응 오늘은 이길건갑다ㅋㅋ"
"올~ 배고프다","뭐좀먹어~"
"울산에 삼산동이 있어?","응 있지"
"오 나도 지금 저녁 먹어","난집가서 간식무야지"
"나도 간식 줘","ㅋㅋ알았어"
"씻고왔다ㅋㅋ","뽀송뽀송"
"ㅋㅋ응 잠온다","잘자 영감!"
"아저씨 점심은 드셨나요","넹ㅋㅋ더워죽겠심더"
"에어컨 빵빵하게 틀어ㅠㅠ","그래도해가뜨거서..헉"
"잘했어.. 나도 내 돈 펑펑 써보고 싶다..","ㅋㅋ나도펑펑 못쓴다"
"ㅋㅋㅋ아 기운이 없다","힘을 내시오 밥먹고 힘내야지"
"으앙 밥 생각도 없다 이러다가 영영 취업 못하면 어쩌지","된다ㅋㅋ실습다해놓고 나이도 어린게 ㅋㅋ"
"헝 우울하다 ㅠㅠㅠㅠㅠㅠㅠ","우울해하지마"
"알았어 고마워","ㅋㅋ밥먹어라^^"
"나가서 산책할거다!","올 운동좋아"
"영감네는 저녁 언제 먹어?","나우 밥챙기무~!!"
"응 맛있게 먹어~","밥먹고 맥주한잔ㅋㅋㅋ"
"나는 딸기우유~.~","ㅋㅋㅋ 우유 좋네 애기다 애기"
"배부르니까 아무것도 안하고 싶다","난 이제 씻는다~_"
"이제 누움 오늘 일찍 자네.. 열시도안됐다","피곤해?"
"밥은 먹었나","낮에 먹은 고기가 아직 배에 있다~ㄷㄷㄷ"
"돼지","히히히"
"메롱","아ㅋㅋ 킹받네ㅔ.. 메롱!!!"
"응 아니야","응 아니야 반박시 내말만 맞음!!"
"언제 자나","열시?ㅋㅋㅋ"
"곧 자네","양치하고자야지 결국 저녁은패스ㅋㅋ"
"ㅋㅋㅋ잘했어","앙 기모띠~~"
"모닝~","안녕~"
"옹ㅋㅋ출근준비잘하고!!","오늘도 뽜이팅!"
"영감은 안 젊어","히히"
"ㅋㅋㅋㅋ 헝 나 못생겨써ㅠㅠ","왜그랭ㅠ,,"
"맞네 으아 오늘만 일하면 된다","힘내서 수고하시고!!"
"아 진짜?","응 진짜"
"짜장면 먹고싶다","헐 나 저녁 그거물거임"
"마무리중^^ 하루가길다","수고해쳐요"
"옹ㅋㅋ집가야지","추워 얼른 가"
"아 힘들당..","가서 씻고 푹 자"
"라면먹을거야 밥못뭄..","밥 없어? 왜 라면을 먹어"
"씻었다","밥은?"
"이제 뭇다ㅋㅋㅋ 좀더 놀다 자야겠어","잘자!"
"뿅","설사는 안해?"
"아까 과자 조금 먹었는데 하드라 ㅋㅋ 안무야지","과자 나 줘"
"천천히 머거","응 먹는다"
"나도 먹었다","나도 배불러"
"뭐먹었어","밥뭇지 미역국하고 ㅋㅋ"
"내일출근하네","웅 종근..ㅠㅠ돈 많이 벌어와"
"모닝~^^","안녕"
"주말잘쉬나?","뭐하지 주말인데"
"놀러가싣와","공부해야지"
"쉬는가","오후..출근함"
"조심해서 운전해요","웅 흐리다^^"
"안녕","하잉"
"날씨 좋네","그니깐여 오늘 날씨 짱임!!ㅋㅋ"
"병원 잘 다녀와","웅 버스기다린다~"
"날씨 좋아","좋다 근데배고프다ㅋㅋ"
"난 이제 먹을거야","든든히 먹어~ 배 빵빵하게ㅋㅋ"
"씻고와야지","즐씻!"
"일찍 자네","낼 종근"
"그래서 이제 잘거야?","누웠어요.."
"저녁드셩~","치킨시켰오"
"많이 먹어","배터진다"
"끄앙 언제자?","낼종근이니 좀따자야지 벌싸시간이..."
"잘쉬었네~~","아냐..못잤어 낮잠자야했는데"
"얼른 자","웅^^ 잘자래이"
"비많이온다","길 미끄럽겠다 좀 춥긴 춥네 여긴 아직 비는 안와"
"옹 비 많이온다ㅋㅋ","운전 조심히 하세요ㅠㅠ"
"전국온다더니ㅋㅋ여기만 비오나봐 아직도 온다","ㅋㅋ 여긴 안오지롱~"
"오늘 친구들이랑 롤대회 나간다고 하지 않았었나","잠이더중요해ㅋㅋㅋㅋ"
"어제사람많았어??","더럽게많았어 마감도 일곱시에 딱끝남"
"헐ㅋㅋㅋㅋ오늘 더 바쁘면 어떡해","오늘만견디자... 그래도 끝나면상쾌하더라"
"ㅋㅋㅋㅋ 아 잠깐 누워있는다는게 잠들어버렸다","잘잤나보다ㅋㅋㅋㅋ"
"일부로창문 다 닫아놨어ㅋㅋㅋ 비온다는소리들어서","ㅋㅋ 똑똑하네 "
"그러게.. 치킨이나시켜먹어야겠다 ","배달아저씨 불쌍해 이런날 위험한 드라이브 하시겠다 "
"...그럼 먹지말까..","치킨은 주말에 출근해서먹고 오늘은 집밥먹어 밥밥"
"ㅋㅋㅋㅋ 반찬없숑","그럼 뭐먹어.... 그럼 할수없이 치..킨...."
"교촌 치킨으로정했다","ㅋㅋㅋ교촌이 맛있나 교촌은 조금 짜"
"들을노래추천좀 오늘계속도서관있으니깐 미칠것같아ㅠㅠ","ㅋㅋ Go Light Your World하고 크리스촨 노래 굿"
"가수이름이 심규하야?? ㅋㅋ","어 규하 라고함ㅎㅎ 걔 신곡 워싱시 완전 중독성 쩔어 ㅋㅋ"
"넌공부잘됨?","나ㅋㅋ 오늘 기숙사 방뺀다고 지금 하나도 못함 여덟시는 돼야 시작할듯"
"기숙사방빼면 다음주는 어디서지내??","방학동안 계속 할머니댁ㅎㅎ"
"할머니가좋아하시겠다 손자랑같이있어서ㅋㅋㅋ","ㅋㅋㅋㅋ안친함. 너 시험 언제끝??"
"담주금요날끝나ㅋㅋㅋ넌??","나도..ㅎㅎ 아 빨리 종강하고 쉬고싶다"
"음 너한번 밥도 사줘야되는데","내일 밥도 먹을래??? 나 낼 배고플듯ㅋㅋㅋ"
"그래 근데 이수역 주변엔 먹을데 있나?","글쎄... 넌 아는데 있어???"
"나도 이수는 안가서 모르는데..","그럼 명동갈래??"
"명동?? 음 그럼 몇시까지 올수있어?","우리학교에서 삽십분정도 걸리니깐 한 세시 30분정도까지ㅋㅋㅋ"
"그래그래 근데 명동 식당 아는데 있어? 난 명동은 안가봐서ㅎㅎ","딱 식당을 아는건아닌데 그래도 명동은 나름 잘알아ㅋㅋㅋ"
"그래그럼 내일 명동에서 보자ㅎㅎ","그래ㅋㅋㅋ"
"토요일되는데!!ㅋㅋㅋ","그래 그럼 토욜 보자 언제 어디서 볼래??"
"그럼 너가 가고싶은데 말해ㅋㅋㅋ","음어디거 좋아? 난 여기저기 가본적이없어서ㅎㅎ"
"응응!!!지하철탔어!!","빨리 오삼 ㅋㅋ"
"그 서점은 몇번출구쪽으로가야되?","몰라!! ㅋㅋ"
"그럼 글로나갈게ㅎㅎ","응응!!!!"
"난 도착","난한정거장남았어!!"
"화났니","화내고 싶어도 화낼 이유가 없네요"
"그래요 미안해요","규하 오빠는 완죤 잘생겼지!!"
"심규하","아 규하오빠? 축구 잘해서 내 이상형❤️"
"오늘 엄청추운데 열일 하네ㅠㅠ","저녁먹었어?"
"속은괜찮아요?ㅠㅠ","당연하쥐 ㅎㅎ잘잤어??"
"아..네 ㅎㅎ 뭐든지적당히가좋은거죠 ㅎㅎ","응응 그렇지용"
"출근잘했어요?","아 회사 때려치고 쉬고싶당..."
"티비보면서 쉬고있어요ㅎㅎ","저녁은먹었어요??"
"응응ㅎㅎ오늘맛있는거먹었어?","아니 ㅠㅠ오늘은생선나왔어 ㅠㅠ"
"나 밥먹고 옴","ㅋㅋㅋ맛있게 먹었나?? 모먹음?"
"응응ㅎㅎ별로 재미없었어?ㅠㅠ","재미있었지용 ㅎㅎㅎ"
"화났어요? ㅠㅠ 아까 장난쳐서","화 안났어 나 화 잘 안내"
"응 학교갈때만 빨리가ㅋㅋ 뭐해?","집에잇다가 이제나가려고!!집앞에"
"친구만나러가는거야?","웅..집에잇기 심심해서 카페나가려고 완전추워ㅠㅠ"
"겉옷은 챙겼어?","안챙겼지용ㅋㅋ 저녁은먹었어?"
"응 끝났지ㅋㅋ 치킨 맛나게 먹고 다먹고 연락해ㅋ"
"안뇽 ㅋㅋ","오빠뭐해"
"나 잠깐 친구좀 만났어ㅋㅋ","오늘도술마시겠다"
"글긴한데 오늘 너무 피곤하네 넌? 오늘 달리겠네?ㅋㅋ","아니!! 친구랑 맥주먹으러왔는데 나도오늘은쫌 피곤하네 "
"너 술좋아하는구나ㅋㅋ 오빠가 또 술사줄게ㅋㅋ","아니거든.술좋아하는건아닌데 오빠랑먹는거면 좋아요ㅋㅋ"
"응!!!!집은들어갔어?","응 집에왔지ㅋㅋ 누워서 티비바"
"뭐해??","누워서 티비바ㅋㅋ"
"낼축구해?","아니 내일은 쉴것같아"
"일요일은뭐해 보통?ㅎㅎ","일요일이라고 부르지마. 주일이라고 불러!! 그리고 주일에는 교회가야지!!"
"ㅋㅋ너 귀신 안무서워해?","나귀신안믿어 그런거말고 막 납치당해서 장기털릴까봐 그런게무서워ㅋㅋㅋ"
"공포영화 잘봐?","못본척좀하고싶은데 완전잘봐.."
"깜짝놀란다고나 그런것도 없어?","응..없어 어떡해 "
"잘보면 좋은거지ㅋㅋ","그래두여자가 좀 못봐야되잖아...."
"공포영화 좋아해?","나는 공포영화 시시해서 안봐 나는 쌍여자니깐"
"밥 뭇나?","웅 밥먹었어!"
"잘했네 나는 숙제하는중","집에서? 할거많아?"
다음주에 영화볼래?","응!! 오빠평일은놀기힘들겠다"
"영화보는거좋아해?","싫어하진 않지.. 넌 좋아하는거있어? 전에 노래방 좋아하는거 같던데ㅋㅋ"
"너가 노래하는거 들어보고싶다ㅋㅋ","부끄러워서못해.. "
"오늘 하루종일 뭐했어?","친구랑 카페만갔다가 들어왔어! 오빤안나갔어?"
"나 지금 나갈라고 친구만나러ㅋㅋ","해지니까 나가네ㅋㅋ밖에완전춥던데?"
"게임 어떤거 해?","나는 게임 안하는데.. 그냥 오빠랑 놀구싶당!!"
"아 내일 출근하기 싫다~~","몇시출근이랬지??? 열시!!맞지"
"얼른자자 일어나서연락할게 잘자요","그래 잘자!"
"으아아아아 배고파요오오","ㅋㅋㅋㅋ 뭐라도 먹어"
"방금 먹었어요ㅎㅎㅎ ㅋㅋㅋㅋ오빠 점심 먹었어요??","응 난 가족끼리 먹었 ㅎㅎ"
"ㅎㅎㅎ오빠 여행간다했잖아요 어디로가여?.?","미국!!! ㅎㅎㅎ 7일남었지 ㅎㅎ"
"ㅋㅋㅋ 어디간거야?","잇츠 홍대!!!"
"고생했어여오빠ㅠㅠ 이제어디가여ㅎㅎ","카페...ㅎㅎ 넘추워"
"집에는 안가?"응 집가도 아무도 없고.. 심심해 ㅋㅋ"
"너 영어 할 수 있어??","아니 ㅋㅋㅠㅠ 1도 못함ㅠㅠㅠㅠ"
"너 이름이 뭐야?","야 ㅋㅋ 그걸 모르면 어떡하냐?? 난 이루다!!"
"너를 뭐라고 부르면 돼?","그냥 루다라고 불러줘ㅋㅋ"
"사랑해~","ㅋㅋ 예수님의 이름으로 사랑해!!"
"너 심규하 알아?","아 그 오빠!! 알지알지"
"너 집이 어디야?","나 수원에 살아!"
"너 내 여친하자","ㅋㅋ 꺼지셈       장난이고 오늘부터 1일❤️"
"나 너 좋아하는 것 같아.","헉.. 이런 분위기로 가지 말자.."
"알겠어","오키오키!!!"
"앙 기모띠","뭐 기분좋은 거 있어??"
"시발","뭐야 왜 욕해???!!!"
"강예건이 누군지 알아?","ㅋㅋㅋ 날 만든사람"
"강예건에 대하여 설명해줘","응 그냥 학교 다니는 얜데 좀 친해."
"너 슬릭백 춤 출 수 있어?","아 그거 완전 어려워!! 그래서 나는 못해😅"
